subjectID,Left-Thalamus,ctx-lh-caudalanteriorcingulate,ctx-lh-caudalmiddlefrontal,ctx-lh-cuneus,ctx-lh-entorhinal,ctx-lh-fusiform,ctx-lh-inferiorparietal,ctx-lh-inferiortemporal,ctx-lh-isthmuscingulate,ctx-lh-lateraloccipital,ctx-lh-lateralorbitofrontal,ctx-lh-lingual,ctx-lh-medialorbitofrontal,ctx-lh-middletemporal,ctx-lh-parahippocampal,ctx-lh-paracentral,ctx-lh-parsopercularis,ctx-lh-parsorbitalis,ctx-lh-parstriangularis,ctx-lh-pericalcarine,ctx-lh-postcentral,ctx-lh-posteriorcingulate,ctx-lh-precentral,ctx-lh-precuneus,ctx-lh-rostralanteriorcingulate,ctx-lh-rostralmiddlefrontal,ctx-lh-superiorfrontal,ctx-lh-superiorparietal,ctx-lh-superiortemporal,ctx-lh-supramarginal,ctx-lh-transversetemporal,ctx-lh-insula,Left-Caudate,Left-Putamen,Left-Pallidum,3rd-Ventricle,4th-Ventricle,Brain-Stem,Left-Hippocampus,Left-Amygdala,Left-Cerebral-White-Matter,ctx-rh-caudalanteriorcingulate,ctx-rh-caudalmiddlefrontal,ctx-rh-cuneus,ctx-rh-entorhinal,ctx-rh-fusiform,ctx-rh-inferiorparietal,ctx-rh-inferiortemporal,ctx-rh-isthmuscingulate,ctx-rh-lateraloccipital,ctx-rh-lateralorbitofrontal,ctx-rh-lingual,ctx-rh-medialorbitofrontal,ctx-rh-middletemporal,ctx-rh-parahippocampal,ctx-rh-paracentral,ctx-rh-parsopercularis,ctx-rh-parsorbitalis,ctx-rh-parstriangularis,ctx-rh-pericalcarine,ctx-rh-postcentral,ctx-rh-posteriorcingulate,ctx-rh-precentral,ctx-rh-precuneus,ctx-rh-rostralanteriorcingulate,ctx-rh-rostralmiddlefrontal,ctx-rh-superiorfrontal,ctx-rh-superiorparietal,ctx-rh-superiortemporal,ctx-rh-supramarginal,ctx-rh-transversetemporal,ctx-rh-insula,CSF,Left-Accumbens-area,Left-VentralDC,Left-choroid-plexus,Left-Lateral-Ventricle,Right-Cerebral-White-Matter,Right-Lateral-Ventricle,Right-Inf-Lat-Vent,Right-Cerebellum-White-Matter,Right-Cerebellum-Cortex,Right-Thalamus,Left-Inf-Lat-Vent,Right-Caudate,Right-Putamen,Right-Pallidum,Right-Hippocampus,Right-Amygdala,Right-Accumbens-area,Right-VentralDC,Right-choroid-plexus,Left-Cerebellum-White-Matter,WM-hypointensities,Left-Cerebellum-Cortex
0026175_norm,0.9680414764373597,0.8104222821203954,0.7138946676886018,0.7083449623220764,0.7427846495401205,0.7815333882934872,0.6461511330570496,0.6606328863050802,0.8633906633906634,0.39053555527286604,0.8150025342118601,0.7273831208257437,0.8258781146802762,0.7577542678528493,0.9057806099226218,0.8824246116356991,0.8415511493244429,0.7114695340501792,0.676613059484596,0.5520206362854686,0.7839678783967878,0.93801728894611,0.8716788551586258,0.8647870244050326,0.7347748462606626,0.4056213833011849,0.6977965614870133,0.7904988789237668,0.8409337879866602,0.7736423841059603,0.9448183041722745,0.9649171526427844,0.9749886311959982,0.9640446680574304,0.9485549132947977,0.9599432825239277,0.8821175746383503,0.9177388945853868,0.955978497748075,0.9153902261123268,0.9447257838594979,0.8869395711500975,0.6835658749600596,0.6176171079429735,0.8141650422352177,0.7501540990343127,0.7144745538664904,0.6082399419495284,0.8433540037746023,0.4217407093572207,0.8550473836011537,0.744339738098152,0.8001817906377822,0.5063788027477919,0.8674809864023969,0.8865885218450297,0.8005902969931747,0.6588352911772057,0.6753246753246753,0.6232149395825705,0.6975613843962122,0.9121370067014147,0.7974922393328869,0.8598653284207851,0.9058561897702001,0.6487722269263336,0.7651643745453286,0.7400708418117417,0.7254498714652956,0.6986246919468956,0.8590381426202321,0.9662097267091592,0.9016745384285101,0.8949494949494949,0.9456172235425695,0.8677740863787375,0.9862442684451855,0.9405231969595614,0.9856810936402443,0.8831562974203339,0.8729098669344715,0.70350169305947,0.9623282383819669,0.9127789046653144,0.9764740052279989,0.9670041691483026,0.9374454466104161,0.9557973935241166,0.9265064437478231,0.8731501057082452,0.9391804457225018,0.895483870967742,0.8940720064342149,0.8641114982578397,0.7319906628304652
0027094_norm,0.9475950301390085,0.8626986810957051,0.7029216083309228,0.8028008002286368,0.8330819507290096,0.7897422304684911,0.7386407393145937,0.6626699972245351,0.8993389990557129,0.4810713365954159,0.7474806061045458,0.8315659243548957,0.7986118642229693,0.7770194813252265,0.9067724567866251,0.8788221970554927,0.7514467592592593,0.46915947587088525,0.3673848439821694,0.7968911917098446,0.7420038236965845,0.931757656458056,0.7944238727945981,0.9305067115756105,0.6033774532177089,0.2636758577888111,0.736480133250947,0.7142127659574468,0.7916275325372333,0.7649203416071517,0.8771750255885363,0.9507093051214234,0.9609411764705882,0.9654488046910239,0.9194058923788654,0.9426674713337356,0.9221267454350162,0.9430194525735927,0.951228029333023,0.9161213563355146,0.9589588010939892,0.874626270679689,0.7531710983745185,0.7695307060298009,0.7906662157592155,0.7487444608567209,0.6987555198715375,0.6245288847698486,0.8488074117878968,0.40642847655731174,0.8226502311248074,0.836239103362391,0.7965308370044053,0.7212818970701951,0.9109897934963209,0.865164198325821,0.7051173310715295,0.68863361547763,0.676842889054356,0.7213800313643491,0.7757526819702388,0.8768307992746548,0.8259454044578012,0.9180922070459268,0.8698896820246593,0.7071297299844493,0.8105426492121424,0.7407914243357281,0.7925320056899005,0.7523638539796529,0.8626692456479691,0.9625572146769715,0.8854415274463007,0.9217110573042776,0.9218347765036274,0.8584579976985041,0.966934763181412,0.9595629743050508,0.9635258358662614,0.886339937434828,0.87526526762556,0.7819548872180451,0.967065483082465,0.8688524590163934,0.9559228650137741,0.9690040650406504,0.9478435305917753,0.9604340945059914,0.9210829493087558,0.9250965250965251,0.9371414317784984,0.8666035950804163,0.9358810290807996,0.8764839605961101,0.8429746943329562
0027214_norm,0.9647392509508155,0.9085397996837111,0.7982137450802301,0.8702206386186104,0.8073059360730593,0.8367720465890183,0.7445008460236887,0.6093109506148741,0.8999118165784833,0.6347105393369619,0.8250431282346176,0.8673898605268984,0.8755809040980144,0.7455259266812828,0.9162841530054645,0.9063141683778234,0.8706699751861042,0.5420443888715224,0.7721119592875318,0.86084142394822,0.8203719599427753,0.9346142816174362,0.8784508904269384,0.9164729583139625,0.7848853665440136,0.3360398745879894,0.8240984575697318,0.7770036540803897,0.830206616808214,0.8036322360953462,0.9181761399125546,0.9690444145356663,0.9721734036321031,0.9610005685048323,0.9176470588235294,0.9530864197530864,0.9175667993177942,0.9441989518035145,0.955941890926411,0.9067524115755627,0.967194043741275,0.91661594643944,0.740058910162003,0.8076183819674996,0.6727331816704583,0.6452031916867693,0.739649189523221,0.5965016305959087,0.8732227488151659,0.5497326203208556,0.8684279705573081,0.8816952401235225,0.8903330625507717,0.6688646636532837,0.8181818181818182,0.8246306859733802,0.779244845957841,0.7755784778366323,0.6799234055089115,0.8499361430395913,0.7570909804691334,0.9189686924493554,0.8359146086228547,0.915214969926487,0.8887462558836114,0.6194543951501791,0.8246518938303854,0.7131800463250664,0.8036652835408022,0.8205677557579004,0.8944918541505043,0.9647609063785179,0.9106967615309126,0.9219562955254943,0.9334449560485559,0.8611713665943601,0.9761347683668694,0.9628723453572403,0.9754260427455042,0.8780487804878049,0.864138315672058,0.7794846096023745,0.9586313280044875,0.84765625,0.9687546718493049,0.9451804476930105,0.8916642462968342,0.9361179361179361,0.8763600395647874,0.9159891598915989,0.923407917383821,0.8710503842869343,0.8881741712023751,0.8612012987012987,0.7785373403843674
0025350_norm,0.9700572675211344,0.8653911855141784,0.7467153284671533,0.8532736985960989,0.7588907014681893,0.8323339995558516,0.6859129701822779,0.6158342189160467,0.8866712235133287,0.5628360884285999,0.7985378301951859,0.8794992175273866,0.7808619430241052,0.6553174444221911,0.8998628257887518,0.8802867383512545,0.8524013627871194,0.4538539553752535,0.5517241379310345,0.6078654239599909,0.7986560097744744,0.9248478433448002,0.8548865583086115,0.9170871098807876,0.7384848484848485,0.3957443503921721,0.6653677545056016,0.7987048030221263,0.8822878542854711,0.7992296581608088,0.9390962671905697,0.9655667144906743,0.9743645213628989,0.969606726810896,0.9377724930638129,0.9363957597173145,0.9324055666003976,0.9290643393545768,0.9517980107115531,0.9296962879640045,0.9566618090041527,0.9001382170006911,0.7216088328075709,0.7399681297986382,0.782083543029693,0.8582165505362875,0.6850382994153107,0.6203314370516942,0.8711194731890874,0.5183124710245711,0.8330624907667307,0.8666827096618939,0.8046007403490217,0.6219802228063588,0.9060106753307032,0.8388005068281008,0.7955275102402303,0.6967857945605754,0.5853658536585366,0.47845865667647847,0.7741520467836257,0.8585157501334757,0.8263186731085321,0.8837309820193637,0.8696913196602445,0.6298798798798799,0.7541282017943051,0.7460352422907489,0.7574665650336082,0.7125576755206385,0.8863492063492063,0.9622926093514329,0.9236842105263158,0.904,0.9389368563403724,0.8802440884820748,0.975791799656273,0.951406140072346,0.9766197741232415,0.8767676767676768,0.9001514131897712,0.7455779285793748,0.9635530085959886,0.8502139800285307,0.978655622809812,0.971343959585402,0.9495934959349593,0.9453660694536606,0.8804849884526559,0.9008766014834795,0.9355989091671911,0.8861736334405145,0.8956000630815328,0.7866980181390661,0.7823265338268882
0027012_norm,0.9643754428911937,0.8878579003181336,0.7066676666916673,0.855595667870036,0.809001731102135,0.9095683946106417,0.6985669658352754,0.7730035455005909,0.8886283704572099,0.5693646752323998,0.8610446821900566,0.9013035381750466,0.906922752216125,0.7542350519816349,0.915129151291513,0.8747175495857394,0.8315690740988878,0.5696125907990315,0.7573038397328882,0.8039284461592424,0.8107672622150609,0.9202159568086383,0.8478915662650602,0.9031081785032123,0.8668663218077866,0.5165963343200857,0.725024925224327,0.7295890708012577,0.8469768462635795,0.830680789907915,0.8950141872719902,0.9643762110597704,0.957034795763994,0.9654698842456347,0.9387365911799762,0.9640924741760944,0.9371592539454806,0.936350692235451,0.9545454545454546,0.894314381270903,0.9597177240475623,0.9000385951370128,0.6747572815533981,0.8148708254568368,0.8077403245942572,0.8175541814252266,0.758540340365331,0.6476794293922433,0.8562121917170777,0.6386785204697618,0.879861311759607,0.8895879690017647,0.8638528138528139,0.7137595907928389,0.9232962646136299,0.8763095019297923,0.6861747243426632,0.7025273224043715,0.6139401654996818,0.8068908030008336,0.7271987916811897,0.90612132857535,0.8087994570208009,0.9093911082474226,0.8947201017811705,0.6520791719629563,0.8400897263346793,0.7399717360582672,0.7542560813346525,0.7083664850970072,0.8510863804981452,0.9609056603773585,0.9239835002946376,0.8982035928143712,0.9445833881795446,0.8472622478386167,0.9600691443388073,0.9607250292782621,0.9667370644139388,0.8856548856548857,0.8869487750556793,0.7603467187458198,0.964373709795565,0.869215291750503,0.9525998276357368,0.9614873837981408,0.9429488762657446,0.9556148435605142,0.916693265240983,0.9044025157232705,0.938822624086187,0.8466111771700356,0.9081925675675676,0.8558062740781508,0.8097372648598228
0025631_norm,0.9683337228324375,0.9206117989803351,0.8651138307672062,0.8884472049689441,0.7107296137339055,0.8785763175906913,0.8152666277974615,0.6627270737579339,0.9343629343629344,0.6518979142375956,0.8335343095033018,0.9019021513414736,0.8688046647230321,0.8064627282820935,0.9211099020674647,0.9420423183072677,0.7884936075597554,0.7174995022894685,0.6513068252198687,0.8965381589299763,0.8633641807294502,0.9429058931618323,0.938377797191049,0.9360814419225634,0.6611842105263158,0.5991831670371711,0.8472024328520086,0.8219011670788321,0.8689569825939577,0.8599913681484679,0.9172119487908962,0.9673232554588487,0.9696679438058748,0.9711184694628403,0.9355067328136074,0.9608778625954199,0.8834796488427773,0.9229044643107362,0.9573610262675626,0.922085201793722,0.9717528692931006,0.8842150910667823,0.7730506967091609,0.8988514264542423,0.7450096587250483,0.8572941888619855,0.8162851934373101,0.6846397589735598,0.9095089505665955,0.678994341713819,0.903392065204363,0.8689535251343661,0.8854842317154998,0.7228061598631141,0.9233586188856918,0.9117434040351785,0.7986763450042699,0.6203235591506572,0.6198494182067077,0.8380839271575614,0.8522453889334403,0.9461214261305387,0.8803415657550885,0.9318062668871234,0.7932437932437932,0.6632372415198126,0.8557989618274835,0.8381438629719603,0.8206898604208208,0.8558000206590228,0.8452380952380952,0.970694907877557,0.9380453752181501,0.9168724279835391,0.9438280166435506,0.8970099667774086,0.9769396130545241,0.9721986132856184,0.9718514923562243,0.9064398541919806,0.8957033016734509,0.7548153114714129,0.9610871647509579,0.8433476394849786,0.9692946058091286,0.9611248966087675,0.8988040478380864,0.9640827460786542,0.9093833780160858,0.9174161896974653,0.9443880428652002,0.8810344827586207,0.9046085997794928,0.8603256212510711,0.8191764724564496
0025406_norm,0.9605169431159052,0.8925727287502031,0.8867122794382427,0.8757534512930196,0.7408289661743688,0.9024781600998395,0.7568468468468469,0.6689137865552601,0.9301154249737671,0.5835105126387905,0.8384847780618173,0.9292470677260689,0.8737758433079434,0.7320830849649227,0.9150813885075505,0.9239685658153242,0.8356793145654835,0.695338779432965,0.6275568181818182,0.8761996161228407,0.8447574471807883,0.9433494141971055,0.901872085740135,0.9292546831406935,0.7920414281820659,0.27642898107436437,0.7280625082770494,0.7761548509678186,0.8859782665756732,0.8618333649648889,0.9208275862068965,0.9621247113163972,0.9666536914493318,0.9679870808397454,0.933870284018652,0.9593738352590384,0.9495031433786251,0.9612140965573437,0.9617638295759261,0.9178700361010831,0.966093046539366,0.9101099374865272,0.7696476964769647,0.8623781676413256,0.7290153935521347,0.8736815024440443,0.7416111352076022,0.6215945735572111,0.9235822202758923,0.5994991331150067,0.8620448993835059,0.9323997769378524,0.8199466148992963,0.7047352259871787,0.8976721629485936,0.8936451897616946,0.7560553633217993,0.6304289901412203,0.545368470885277,0.8540660972892685,0.7833304661964562,0.9298586082617133,0.8434744444001118,0.9307980856292847,0.9183325584999226,0.6749686166206377,0.7837862693704879,0.7079466846634047,0.8088609954638663,0.8241603161162856,0.9042464612822648,0.9596337275848913,0.9316973415132924,0.9359286293592863,0.9450723775530439,0.8833054159687326,0.9833506763787722,0.9673601887789971,0.9884414073858679,0.8943089430894309,0.8942331816063941,0.8258540591559309,0.9606091048485169,0.8989037758830695,0.9663385587556204,0.9643669446550417,0.8975367418753881,0.956981445008811,0.9179629235030897,0.9209164818920916,0.9410952146028614,0.9061224489795918,0.9185200439319056,0.85612300933553,0.8609400845432825
0025993_norm,0.965891568494418,0.8947772657450077,0.8578803032747218,0.7796797349530646,0.7177177177177178,0.8811324994382443,0.7450827653359299,0.6975722413113277,0.9042378833996723,0.5723072191896671,0.7933380248651185,0.8861091496015333,0.8789007319892128,0.7776079696609498,0.9328151027207107,0.8350777037741833,0.8234492160872529,0.39435515484123873,0.5940947436729397,0.854434250764526,0.8399771123402632,0.9275735294117647,0.8391251844894674,0.9057733589424923,0.8646748681898067,0.4237700925474915,0.7559879775663868,0.7305816408240519,0.8770205612310875,0.8454435969490165,0.9074002324680357,0.9698216735253772,0.9597163120567376,0.9574981888432745,0.9145106861642295,0.9471799462846912,0.9125974558883874,0.9160807232216236,0.9535620052770448,0.9233196591984854,0.9635238735120774,0.8669789227166277,0.7463863337713534,0.8632747456059204,0.8273404599935212,0.8610054921841994,0.7448895312822631,0.6092093305059073,0.9141760350973402,0.6212624584717608,0.8469036697247706,0.8702258726899385,0.8667470202223115,0.6119720449711334,0.9248349415947181,0.8113900796080833,0.7843517620433237,0.6798439531859558,0.749054605959764,0.8813779655508612,0.6845481049562682,0.9186429512516469,0.7845078372628197,0.922237380627558,0.8899651297946533,0.7547944402087854,0.8373166693869937,0.7885530264217229,0.772766925848663,0.7285956827552753,0.8502066115702479,0.968808988764045,0.9223813112283346,0.9272727272727272,0.9438431172800203,0.8386167146974063,0.9488843813387424,0.9625254239541283,0.9321839080459771,0.8847262247838616,0.8343403826787512,0.7211384157305544,0.954954954954955,0.8585858585858586,0.9527251698713315,0.9637092157985118,0.9202055720854747,0.9594132029339854,0.9344622138601443,0.908284023668639,0.9423936645804062,0.7903871829105474,0.8923388768599991,0.8545276234063419,0.771309350931049
0027294_norm,0.9599834556922758,0.9081477732793523,0.5955076698319941,0.8710462287104623,0.8484571428571429,0.8631190036350634,0.7659694061910306,0.6509145551582983,0.9185892336250332,0.4729383386099804,0.800890868596882,0.9116272581432657,0.7792691290290977,0.7578744285534539,0.9182630906768838,0.8973996300728974,0.6890152648907513,0.7137530160122834,0.4426585023599949,0.8726817042606516,0.7528002757194554,0.9228416843095743,0.7867350369872226,0.9338501066933763,0.7551132013562288,0.2599381099738158,0.7664207088423853,0.7667184175723075,0.8589031939318201,0.8211529732183386,0.9192933841357811,0.968929503916449,0.9498313200565894,0.9677322752114996,0.9455808568120417,0.9457714654615881,0.9240482112110197,0.9518960333624285,0.952212389380531,0.9050051072522982,0.9585002146459286,0.881080145404189,0.6830535571542766,0.8448186259224613,0.7150094996833439,0.8366976912849027,0.7076340215949991,0.5247374414779198,0.8659465202762529,0.4423419412288513,0.7977878985035785,0.9090236230185653,0.7533191715347849,0.6776545491887451,0.9091753774680604,0.7851401260047794,0.7175707547169812,0.571750775303073,0.5992434356920339,0.8629900904782422,0.7518789407313997,0.902618920363442,0.7645326171705795,0.9067409373776056,0.8676210390863761,0.6114174675699806,0.7770982967371229,0.711760906582115,0.7900190977114054,0.7741904807189387,0.7965367965367965,0.963847726111395,0.9058509058509059,0.8865979381443299,0.9290236587804065,0.8806228373702422,0.9682733374008542,0.9556716293718042,0.966105567826948,0.8987603305785123,0.9070726510413086,0.8602447327261018,0.9666108319374651,0.8823529411764706,0.9506226786104435,0.9725603168887288,0.947452229299363,0.953227931488801,0.9080573405832921,0.8765342960288809,0.9399913344887348,0.8728039353478566,0.9491650212509621,0.8567115015097447,0.8842191487350745
2842950_norm,0.966988727858293,0.8913238728219867,0.7498115239633818,0.7778553964373035,0.8265734265734266,0.9101166425249676,0.7092260129088247,0.7542383070818804,0.9308624376336422,0.4655152951800429,0.7582075245626647,0.8655896252335421,0.824,0.795671606680781,0.9233782129742962,0.8964314036478985,0.8524665744582757,0.5150717003219198,0.4847926267281106,0.7677891654465593,0.8159598670011083,0.9152369627993885,0.930718954248366,0.9214853384488901,0.7104708362614195,0.17547937245787332,0.7783143612740026,0.7944873542329244,0.8677147848181673,0.8575646628085508,0.8929503916449086,0.9619330712436476,0.9735194992778046,0.9695916594265855,0.9476402911481568,0.926829268292683,0.9062970774329617,0.9106689364552228,0.9520509977827051,0.9200446262551134,0.9563496828706484,0.8649487736727725,0.7742169768497503,0.6536687631027254,0.7910264290104487,0.8776513987088841,0.7431512981199642,0.6925276820415047,0.9339181286549708,0.24534557510839072,0.7932557205941388,0.8865088650886509,0.8095238095238095,0.7025222551928784,0.9147247119078105,0.8729052350585793,0.8020966802562609,0.6098527746319365,0.6342342342342342,0.7083918046589952,0.8099041533546326,0.8803500095111281,0.8742272120282902,0.9132092915751763,0.8917715392061956,0.5566386554621848,0.8015285522014998,0.7406332453825858,0.8072266990469883,0.8205065459439618,0.8994845360824743,0.9707612765198788,0.9140127388535032,0.9100294985250738,0.9389660403781072,0.8907664453832227,0.9837894984141901,0.9599995589504122,0.9796460176991151,0.9252336448598131,0.8935656836461126,0.8260047806993163,0.9654843110504775,0.9021113243761996,0.9736966451409671,0.9698141583413901,0.9354439772446204,0.9561175666438825,0.917062477164779,0.9319298245614035,0.9401041666666666,0.9005449591280654,0.9091425556953293,0.8197395476353667,0.828090451579647
0025879_norm,0.9709094962104324,0.8985406532314107,0.7356649044326962,0.8455703449262917,0.8421679571173317,0.8788391777509069,0.6975328083989502,0.739535586561225,0.8828061638280617,0.4972593113141251,0.7962448366503942,0.9156041287188829,0.8333522147955138,0.8259305880237368,0.9321797376500139,0.8960435687970527,0.8187460417986067,0.5070676691729323,0.6201429903636929,0.840271626808385,0.8672207189795129,0.9132585751978892,0.9019498385103074,0.9159139065462251,0.7532249958116938,0.4578383077368879,0.7507293354943274,0.8262674825174825,0.9026382923757549,0.8386002919983045,0.9170143718127028,0.9715622487023905,0.9696245393885071,0.9742361684558216,0.9518290474465774,0.9618181818181818,0.8975706776530757,0.9556936520392797,0.9651833064330182,0.9383233532934132,0.9683484328846421,0.9242124212421242,0.7100741239892183,0.8153948683772076,0.8545207341944255,0.7940201782163635,0.7802574790659929,0.7248649590520997,0.8796844181459567,0.543390459556817,0.8423044893633129,0.9095584323461606,0.822507350975675,0.7198662846227316,0.9255813953488372,0.834312902322978,0.8090490797546013,0.7324675324675325,0.6718378581258602,0.8386105133722718,0.8425225553631641,0.9044097507532183,0.8693930804876951,0.9049317301813735,0.9015369836695485,0.72890625,0.8329881784450772,0.7976819059884095,0.7803790412486065,0.8562746561467107,0.8559837728194726,0.9665778454510849,0.9322709163346613,0.9318181818181818,0.9467994913098771,0.9060702875399361,0.9833898305084746,0.9675133969520928,0.9839955003323618,0.9126853377265239,0.9088796226673047,0.8345116491219647,0.9675452752375829,0.9031657355679702,0.9582617483577565,0.9736863281564335,0.9574354407836153,0.9608292153790526,0.9338457315399397,0.9117432530999271,0.9483864185850941,0.9067796610169492,0.9374818073029528,0.8523069789009969,0.8494891942551422
0025436_norm,0.950453835925305,0.8001115137998327,0.4807305936073059,0.6243870545930043,0.3852813852813853,0.7182296702116232,0.4613935969868173,0.5515143133729774,0.8125779885200899,0.22408026755852842,0.6264576802507837,0.7759893501149704,0.7047768206734534,0.5980035595449973,0.8657024793388429,0.7013522805409123,0.3805394990366089,0.2878278412911903,0.20254237288135593,0.603399433427762,0.6202810225156594,0.7845073096639453,0.733552014995314,0.7626971745536488,0.48120300751879697,0.10029116790682627,0.5556755459563235,0.5805830583058306,0.7745781452814768,0.6479745700546091,0.8640595903165735,0.8645677161419291,0.9564993564993565,0.9297560975609757,0.9128991060025543,0.9219666215606676,0.7471034758290052,0.8746904116051422,0.9190416141235813,0.7847049044056525,0.9411778586361984,0.7504501260352899,0.389248181083266,0.605019370052215,0.4940867279894875,0.6245660439742106,0.46502784191226404,0.20592193808882908,0.8073959938366718,0.2206364513018322,0.688926663428849,0.7804532577903682,0.6134157105030892,0.45231325924011373,0.8390204737053393,0.6746017854017153,0.6140275999430929,0.2506290890790136,0.18527004909983633,0.49320652173913043,0.5107282528273966,0.7573872472783826,0.568125,0.7710605861479827,0.38024429102496016,0.4196989624433728,0.5947487316224124,0.4983027834351663,0.6511420943340255,0.6700797714013573,0.7027027027027027,0.8625910310463779,0.834639175257732,0.7987012987012987,0.9148705599036725,0.8533872598584429,0.9772944954645332,0.9354085259075693,0.9217344967694665,0.7084148727984344,0.7506264168953586,0.6473148247400579,0.9406481843030067,0.8024691358024691,0.8776223776223776,0.9213823767178658,0.8909512761020881,0.8912289098958956,0.8219070133963751,0.6978335233751425,0.8975814412635735,0.8366013071895425,0.8007995431182182,0.7694466720128308,0.7868517898962863
0027110_norm,0.9595508485389818,0.8407043407043407,0.7003112494441974,0.6106431852986217,0.620980495519241,0.7656040063515329,0.6306959873044661,0.4075787226472158,0.8690807799442897,0.46423960753937515,0.5897915886684139,0.8126728110599079,0.5936501171958236,0.6214846905059108,0.8669046404895462,0.8531227566403445,0.7827643171806168,0.5830046611688777,0.5575475080674077,0.4320802005012531,0.6711770797376596,0.8990617923002264,0.7391775869859919,0.8836419414922757,0.2311111111111111,0.22632649866958834,0.6163424124513619,0.7084448409158489,0.7830005815080442,0.7706139224248651,0.8028447254049783,0.9286045863893789,0.9442100328176277,0.9712326157363307,0.9350582147477361,0.9208006962576153,0.9075785582255084,0.8827662614070381,0.9413748378728923,0.7981481481481482,0.9457515966857422,0.8598494049064853,0.6902673134482403,0.521445172195225,0.5829351535836177,0.6348063071831809,0.7013266403728935,0.44671561817821,0.8844492440604752,0.23502139800285307,0.7049362860324138,0.5162431650048247,0.7065,0.5361998103066709,0.8336034575904916,0.870735669528893,0.6379772270596116,0.49229133439659756,0.6143790849673203,0.2456874019864088,0.680798491449379,0.9011109087597887,0.7345128332918016,0.8584689194826867,0.7251495300484192,0.5815002300966405,0.7634390925530166,0.6846739647786768,0.7057489399467508,0.7211652379956791,0.8225806451612904,0.921998598177631,0.8935030140656397,0.8524319868095631,0.909656439983034,0.8586762075134168,0.9513621928798262,0.9419997942487099,0.9127941467273086,0.819614711033275,0.8558707987778262,0.7166292842975513,0.9496223316912972,0.9015384615384615,0.9474367293964958,0.9554102839301395,0.9131917125622869,0.9184789859906605,0.7659392383397519,0.8935456831517183,0.9042369504582282,0.8256130790190735,0.887178448450476,0.8659374205036886,0.6982871244012193
0003002_norm,0.969737563173598,0.856525353283458,0.7698302254383523,0.8483326356913632,0.796232339089482,0.8679614573923518,0.7343163393002884,0.670958512160229,0.9399307676644268,0.6083429008802144,0.7762656505171476,0.9265204209024434,0.804223602484472,0.8034207185002614,0.9395136146331324,0.9010288364005217,0.8968803176403857,0.4098159509202454,0.5158671586715867,0.9076351158135545,0.8421217500261042,0.9193520886615516,0.8981340118744698,0.9329789692627687,0.5931198102016607,0.1328125,0.5879669852302346,0.7997669676667638,0.8754344940908804,0.8085345311622684,0.9251920744035584,0.9662824703251334,0.976485578593768,0.9736946202531646,0.9426919032597266,0.9287925696594427,0.9198743126472899,0.9177374731017522,0.963526633429546,0.9306518723994452,0.9660728948629959,0.9123009019382077,0.8259694989106754,0.7750750750750751,0.8026446280991736,0.841763551260758,0.7623834064483155,0.6201989399549844,0.9085776330076004,0.541232073011734,0.783273596176822,0.8931747963673813,0.7859212050984936,0.7092085521380345,0.918637448470384,0.8958333333333334,0.8299424184261036,0.6294687604410291,0.6009238802972484,0.8145695364238411,0.8467218120246489,0.9106163278476928,0.8974083586271305,0.9237516512549537,0.8794573643410852,0.6471610660486674,0.7858606261722695,0.8046001155280156,0.8420623981957148,0.827301515494232,0.8500635324015248,0.9680832906639358,0.9323915237134208,0.9335394126738794,0.9421764327108821,0.8562992125984252,0.9826167934192147,0.966232884188568,0.9788952101302991,0.919431279620853,0.9015753332435708,0.7907227444949984,0.9658991910392035,0.7889908256880734,0.9769947256200202,0.9645642088638832,0.9432244242099626,0.955928778886223,0.928479381443299,0.9202733485193622,0.9392493228427705,0.8638334778837814,0.913003940588057,0.8431703204047217,0.8197451553764337
0025555_norm,0.9668341708542714,0.8940596769778264,0.7645375112985839,0.8499008779382611,0.8175388967468176,0.8363744782349434,0.7346458017836109,0.7624748754697195,0.9279081546513591,0.585368330202569,0.8003674219228414,0.8904607922392886,0.8531308508425213,0.8321167883211679,0.8989120580235721,0.9022166977418686,0.8640403555128513,0.3314641744548287,0.7074247491638797,0.8364271675038218,0.7805106034936029,0.9361385612581022,0.8556920332121046,0.9118940773981428,0.4397081413210445,0.4383561643835616,0.6886506511001347,0.7838644877572072,0.8504760126936718,0.8022154071497231,0.9234828496042217,0.9652250146113384,0.9730779187160238,0.9731415699185583,0.9500318945354029,0.9602400600150037,0.8525284617421234,0.8952908882552034,0.9534278959810875,0.9155979719654042,0.9552901439490878,0.8821478382147838,0.7602567227232107,0.8345614795549776,0.8089297439264609,0.8276047261009667,0.6993344919672757,0.6967392825488641,0.9274297262539041,0.5798910576486609,0.8112810846081345,0.8970029794940703,0.8467320943829609,0.6744135058101294,0.8875604896100199,0.9197814586766109,0.6760990399191511,0.7139784946236559,0.6564114607797088,0.8237606464293514,0.7818411097099621,0.9400405292645131,0.8350280770981939,0.9134780245054991,0.8230783275515793,0.6525059152505915,0.7826589595375723,0.7664858837244666,0.8263768207526304,0.7429632291292371,0.9031920460491889,0.9629975955116217,0.9261455525606469,0.9112252384446075,0.9395958250055518,0.7957219251336899,0.9768963117606124,0.9571085904785136,0.9650674331196109,0.9122401847575058,0.8671449972404005,0.6834371244400743,0.9583333333333334,0.904156064461408,0.9646504320502749,0.9681473829201102,0.9457084929038072,0.9615471104115134,0.9233021077283372,0.9156816390858944,0.9391609927520316,0.867761452031115,0.8767003391561212,0.8797573083287369,0.7604400270704229
0027191_norm,0.9628869712147728,0.887856071964018,0.7869002984160992,0.7551020408163265,0.839344262295082,0.8036133960047004,0.7098039215686275,0.6787737597289141,0.9282332891497822,0.36513247129035176,0.8170188463735009,0.8924151063154554,0.8568693154619436,0.758075265472964,0.9163013152650459,0.8987957387679482,0.8193138500635324,0.5073199880489991,0.5791076393486032,0.7635689700820757,0.8149906061504993,0.9063199105145414,0.889230109984288,0.9208421905051118,0.7855235042735043,0.2571615190818326,0.7709343241713625,0.7548479506390481,0.8523313716613853,0.8303709609342025,0.897095027080256,0.9588032220943613,0.9701295268305578,0.949202273977627,0.9313835770528683,0.9544924154025671,0.9118773946360154,0.9269193703822679,0.9503085417343293,0.9075075075075075,0.9587150972658058,0.9049429657794676,0.7537353979896767,0.7603517186250999,0.8218059558117194,0.7783806939882907,0.6854380279445359,0.6931386861313868,0.8726919339164237,0.32101390024529847,0.8483832013954112,0.8491645685511559,0.8391523713420788,0.6516682554814108,0.9168419040336456,0.8230635981192774,0.7083388396986917,0.7234644777809227,0.6309696092619392,0.6941708810220921,0.7919179469120042,0.8468495181616011,0.8389013751857072,0.9072331527421348,0.8995788791707159,0.6440180244038276,0.8419703765122677,0.7378163564107927,0.8205093470604172,0.7431587401755493,0.900163666121113,0.9616613418530351,0.8978562421185372,0.9193190229459659,0.9401537947174858,0.7793326157158235,0.9707936507936508,0.9584370468759851,0.9690127312034591,0.6785714285714286,0.8456986354966499,0.7960552039737593,0.9660755113390596,0.8910179640718563,0.9645170374542382,0.9544149318018664,0.9316397228637413,0.9593392630241423,0.9183115699969633,0.9165545087483177,0.9376152761202127,0.8639705882352942,0.9002666666666667,0.8707347447073475,0.8186786712372142
0026017_norm,0.9684887459807074,0.914963744232037,0.8492867174218346,0.8254988616579617,0.8733209340772887,0.9085289747399703,0.6868564506359782,0.7729112992270887,0.9329302852824485,0.49444807315480077,0.8391563969000128,0.9094333699576205,0.8803798747221661,0.8047313552526063,0.921405750798722,0.9048641819330385,0.8794221698113207,0.6612033642441234,0.698320327998942,0.8722627737226277,0.831756596149275,0.9339334512136312,0.9260815260588169,0.9188244836837837,0.883808869027157,0.47167286245353157,0.7780284716626377,0.7967936340764145,0.8883927224451619,0.8050064460678986,0.8869565217391304,0.9647138848737352,0.9692177351030782,0.9694656488549618,0.9401993355481728,0.9612970711297071,0.8976190476190476,0.9156895323997152,0.9681270413334835,0.9452878831280436,0.9636619729091472,0.9280889948351212,0.789446366782007,0.8308571428571428,0.8844602609727165,0.8615828470264245,0.7218490715132359,0.7112124234221399,0.9294320137693631,0.5740854700854701,0.882839669025063,0.8747231110017228,0.8721428571428571,0.6961137265762023,0.9433257214033631,0.9164086687306502,0.8575099942889777,0.6151832460732984,0.6967145451543668,0.8642225031605563,0.8447424892703863,0.9283318084781945,0.9049175225645814,0.928177411266507,0.9141927612850752,0.7762609025407661,0.8616754350465399,0.8215959968396103,0.8504730630425594,0.7865358372863733,0.8791208791208791,0.9726308587068081,0.9389162561576355,0.9136531365313653,0.9475158961094946,0.8653061224489796,0.9763994538716598,0.9667123498644126,0.9721338592696271,0.8986232790988736,0.8794002832763326,0.8289058374169461,0.9673576074402772,0.943076923076923,0.9624730409777139,0.9716661831544338,0.9515418502202643,0.9686348922870857,0.9473963868225292,0.9441949967928159,0.9527786700931578,0.8881789137380192,0.9240357404051003,0.8767631774313289,0.8588437245537974
0026196_norm,0.9614858988694248,0.7997795738427627,0.6015337423312883,0.8028621495327103,0.550314465408805,0.8646645124501046,0.6119301813251992,0.6027847611680526,0.9175121305690339,0.4379212872363557,0.6294534060577928,0.8877776866956308,0.6899027673896784,0.6695274365713673,0.9033720600736752,0.8925840514625561,0.7107315261789825,0.31777557100297915,0.5286448044251284,0.8641150783457487,0.6420410738066867,0.9064863994849509,0.8005012269618337,0.8767425650557621,0.5828520657485562,0.1125,0.6096707634341079,0.6937071279451238,0.773985001292992,0.6241010349061568,0.8444936358605424,0.9207831325301205,0.950228832951945,0.9545212293480192,0.9337064141196728,0.9535299374441466,0.8139044943820225,0.9083903617229283,0.9180235822571589,0.7608776496838974,0.9491618921053622,0.6906222611744084,0.6045254981425194,0.7362779523193494,0.3236994219653179,0.7975965283186826,0.5868136117556071,0.44193548387096776,0.8820072332730561,0.3080162430440668,0.6888888888888889,0.8377781552573467,0.6853473438412142,0.5111596312469675,0.8208469055374593,0.8810331618693226,0.7034482758620689,0.5039281705948373,0.5437195715676728,0.42950819672131146,0.6571907689850675,0.8961259453619386,0.7823152210597367,0.8938425565081839,0.5940379403794038,0.5324600269697554,0.6565773315032869,0.6539701733172109,0.5704173425748414,0.6684915436504058,0.8585858585858586,0.9148514851485149,0.90153452685422,0.8975521305530372,0.9233065442020666,0.8726163234172387,0.9801993971713424,0.9402776680102215,0.9656975658345266,0.8118939883645766,0.7311361665221162,0.6875029352369323,0.9631979695431472,0.864338866628506,0.9567963255346634,0.9578168044077136,0.9365043751402289,0.8418397626112759,0.7851851851851852,0.8822966507177034,0.920892494929006,0.877742946708464,0.7144498047323685,0.8148517318714179,0.7655983805343435
0027174_norm,0.954017115851322,0.882673751922808,0.7447293447293447,0.8197621225983531,0.8207051762940735,0.8679138960892595,0.664323374340949,0.679338232275545,0.9016795621815437,0.6221684973984338,0.8181441345413631,0.8968944099378882,0.8374615801844151,0.6585619379039183,0.9074074074074074,0.852649504157067,0.7344880091358965,0.4449450858912982,0.5194868070685064,0.8670329670329671,0.7587681390165127,0.9290050799157478,0.8227836300922905,0.8797607178464606,0.7191435768261965,0.4975559022360894,0.685376796996612,0.6075221238938053,0.8025558097341642,0.777573446961202,0.9171974522292994,0.9635643564356435,0.9671922685656155,0.951454561830136,0.9185580774365821,0.9586894586894587,0.909248055315471,0.929899193028592,0.9599725526075022,0.9255079006772009,0.9592643610904554,0.8900893413671307,0.7261137269105397,0.8249900937788931,0.8050188205771643,0.8303227360308285,0.7317735977240881,0.6750606150835851,0.8524324324324324,0.6338065613867178,0.8587726879861711,0.8778649921507065,0.7836523538541128,0.6780760223383174,0.8903312444046553,0.8509083728278041,0.7239747634069401,0.5576447303315191,0.691987624026459,0.85659760087241,0.629808749175643,0.9208992506244796,0.7855498494775988,0.8955318955318955,0.8741851368970013,0.6347091932457786,0.8073067119796091,0.7073277274216446,0.7996012566457226,0.7283178926219445,0.8624891209747607,0.9636055309157318,0.9085746734809768,0.8995148995148995,0.9395080877465101,0.8403547671840355,0.9718774243599689,0.9595319437914642,0.9706445437141034,0.8769898697539797,0.845015969070432,0.701631796330151,0.9652560951305388,0.9135135135135135,0.9673941625032869,0.9495998637834157,0.9066496163682864,0.9307228915662651,0.9182836840666849,0.9181245626312107,0.9390672869624418,0.8228460793804453,0.909358446144791,0.8825622775800712,0.7960126053122387
0025531_norm,0.9665187133541564,0.9100067159167227,0.7868700878409616,0.8563340410474168,0.7936670071501533,0.8413811350707766,0.7772696544319402,0.674143679903001,0.9088948787061994,0.6309447643420772,0.8041121756766207,0.8756834995175298,0.8248113998323554,0.8042797494780793,0.9232731137088204,0.9092338800269603,0.7329111868809872,0.4780010863661054,0.6349466776045939,0.8659165494608533,0.8044408774745854,0.9019969278033794,0.8583521676597493,0.9194270367054611,0.8257522743177047,0.5486428056689887,0.8185433608357571,0.7833088286774487,0.8646272855133614,0.827971889537761,0.8628158844765343,0.9620571588288729,0.9686454331391746,0.9744590581247349,0.9487814952498967,0.9497326203208556,0.9467455621301775,0.9435860779677792,0.9517960602549247,0.9344490934449093,0.9614050679786277,0.9179708580679978,0.7844868062728895,0.734219734079776,0.6756469337114498,0.8041744137227853,0.7466972126765942,0.7134089458437669,0.9267097349075518,0.5545622688039458,0.8196650614533171,0.9186270158307442,0.7819016393442623,0.6652130634687397,0.9332766680832979,0.8848308312794084,0.7560053981106613,0.5384354893328818,0.6414050615405892,0.8015528659511304,0.8117810034331145,0.9369060601339773,0.8631978953522362,0.9345889340418881,0.743188923626619,0.6861964873765093,0.8211192214111922,0.7470066662351952,0.7645589083221218,0.823536158742903,0.7846607669616519,0.962755798090041,0.8913649025069638,0.9026275115919629,0.940712353471596,0.8743455497382199,0.9787715822247381,0.9611046617126542,0.9783090379008746,0.8617472434266328,0.8927496134754659,0.8694269766127323,0.9638392106295902,0.8721311475409836,0.9679516953088714,0.9711001642036124,0.9438107308829742,0.9581806423798233,0.9251989389920424,0.9027303754266212,0.9455304195036239,0.8631921824104235,0.9227541769686072,0.8777994157740994,0.8441249796127589
0025362_norm,0.961515572307082,0.8519789521848548,0.7126401939981812,0.8132196162046909,0.7293064876957495,0.7148031312069167,0.6746745403301571,0.6481367099032325,0.8364805142627562,0.33771106941838647,0.654508353526336,0.788231688630095,0.7084347120843472,0.7298709096367457,0.8876050420168067,0.7986702680241013,0.8441828254847645,0.24681933842239187,0.33731874841007375,0.7005764665988471,0.7427672013191425,0.9308914996544575,0.8265796499555028,0.9075407908275761,0.3993231810490694,0.3071102002207157,0.5691776088458881,0.747014115092291,0.8110387824332997,0.7476330901753842,0.855072463768116,0.9486668564379922,0.960185543100116,0.9631522323830016,0.9295340777820562,0.9531631520532742,0.8868028713418001,0.9272488887467621,0.9601826020796348,0.8916109873793615,0.9423172008142245,0.8579345088161209,0.5900237529691211,0.7335907335907336,0.8064107971320118,0.668122747624768,0.7083510218933835,0.5192065930995949,0.9074309978768578,0.3826530612244898,0.8054338299737073,0.7702702702702703,0.798090890226188,0.5854413427772156,0.8823529411764706,0.8677792041078306,0.7713409714377925,0.6040527500804117,0.6892592592592592,0.5712031558185404,0.8126602681515129,0.8932207060862032,0.8464564807329561,0.8639383965720673,0.701093560145808,0.595938508255836,0.7564939219449776,0.7365833674723474,0.7456527004117219,0.7841191066997518,0.8797564687975646,0.9581987800502332,0.9053365513542505,0.9003783102143758,0.9296005239030779,0.8782535684298909,0.9838647714175951,0.9430226787912378,0.9847413923858638,0.9027777777777778,0.8799431942320297,0.7349302640983817,0.9535641906775928,0.9012719563900666,0.9642795513373598,0.9585472761427677,0.9168384879725086,0.9509491654987896,0.9099656357388316,0.9026548672566371,0.9294676161410648,0.8702490170380078,0.912608468870027,0.8609902631033768,0.7787864933707792
0026044_norm,0.9742520705391853,0.8938137755102041,0.7678528968851549,0.8187711386696731,0.8599497372629655,0.837407157326131,0.6986886128523632,0.7656601152290279,0.9074207492795389,0.6402099737532808,0.8638917262512769,0.8912783751493429,0.9106678230702515,0.7823998697492673,0.9051011684240524,0.9136035186930569,0.8542357379673031,0.643956043956044,0.7651654411764706,0.8438037865748709,0.8701441822022224,0.9392862220958339,0.9073640839414784,0.9110507076576999,0.8640861466821886,0.6714588154202157,0.8375871162177434,0.7146234017406253,0.8613054950097511,0.7911399485401052,0.926378098409175,0.9712493465760585,0.9674342553481401,0.9728278555157827,0.9404309252217997,0.9576861274772362,0.8866559485530546,0.9127109848691757,0.9525419635309745,0.9098811938568531,0.9701739564141975,0.8035299581978634,0.8255707762557077,0.8744022149509187,0.7038244885858287,0.7739590218109715,0.6656631839914999,0.6333667387520439,0.9182442271687123,0.6222372881355932,0.8895728179244121,0.8612293546739316,0.8949781659388646,0.6735017087605235,0.8846960167714885,0.864908073541167,0.8407582938388626,0.6439775081385025,0.7286304840645419,0.8495444471804974,0.8418048675425371,0.9149187592319055,0.8996023507055636,0.9086626784116068,0.8989648033126294,0.791779759596743,0.8954604220915199,0.7995392968792848,0.8245532064011214,0.7723163122373615,0.8757033248081841,0.9692063492063492,0.9272419627749577,0.9208888888888889,0.9451467006842166,0.8751123090745733,0.9732084513177957,0.9693259591409544,0.9639821934439499,0.8663239074550129,0.8651891649876875,0.6683059402096545,0.9668921750583728,0.8794788273615635,0.9700294353759701,0.9704648292883588,0.9400921658986175,0.920847540185095,0.8932496075353218,0.9,0.9453258760415477,0.87751677852349,0.9025422053532598,0.8560885608856088,0.7591424968474149
0027236_norm,0.9698718378849897,0.8367911479944675,0.6048640915593705,0.771856786011657,0.6618128867855843,0.8520967132602947,0.6324277773428325,0.5076458199798554,0.9083245521601686,0.39392259066208274,0.7352625937834941,0.8833847135112151,0.6740726793447561,0.5897817895013583,0.858599592114208,0.9108079748163693,0.761945271515667,0.42755956213779783,0.6296296296296297,0.8128135854882285,0.7432507323252315,0.9133282559025133,0.7801756969481541,0.9004160515367065,0.4012665515256189,0.40076481835564054,0.6472761724301279,0.6722373093795697,0.8206505295007565,0.6553293055866338,0.8944773175542406,0.9499533727074915,0.9687697559742066,0.9596988891948958,0.9507948523845572,0.9409282700421941,0.6785104202254868,0.880857798016988,0.9441222983658408,0.8681556195965417,0.9496486891531559,0.8853357697578803,0.6202298198326004,0.7648171500630517,0.7240554758488761,0.6775556824671616,0.6454224442339161,0.4331907272908168,0.8889518413597733,0.4415720067893981,0.7610731194108364,0.7871907464924494,0.7976900149031296,0.41237113402061853,0.8452579034941764,0.833354044985709,0.5999628735845554,0.5605095541401274,0.5911867364746946,0.6835117773019272,0.7012479836998048,0.9163369963369964,0.7677551952500571,0.8854186032100142,0.8102965864577504,0.4889833351974052,0.721008147414909,0.6655825521331548,0.6955054957013821,0.6776814240073026,0.8422939068100358,0.9441230086391377,0.9160382101558572,0.9056,0.9365974418924494,0.8784878487848785,0.9721156305960603,0.9412450282590827,0.9565714285714285,0.841796875,0.5849203539823009,0.562743698171234,0.9620739318290926,0.8564231738035264,0.9624791906774235,0.9578115969947987,0.9353099730458221,0.9364916773367478,0.8653006382264025,0.8993506493506493,0.9129090440608091,0.8197309417040358,0.7780713342140027,0.8458911905303893,0.6678702336014005
0025604_norm,0.9715481171548117,0.890821613619541,0.8405599180607716,0.8148271276595744,0.7981248168766482,0.8624202258222877,0.7526004913491192,0.7533333333333333,0.9339416782384448,0.5963261648745519,0.8060200668896321,0.9045578496299181,0.8639795265515036,0.7829949238578681,0.9259543940558544,0.8484190527887094,0.7832762165867032,0.6684782608695652,0.7063694267515923,0.6652221018418202,0.8063822158479742,0.9418045915643353,0.8769467334305878,0.9062823015964167,0.8234605821266637,0.5807662970134366,0.7800206276705466,0.8093184745477964,0.8910789709458594,0.851630288331986,0.9267080745341615,0.9673600263092987,0.964174011941996,0.9723437936493156,0.9543761638733705,0.9623996620194338,0.9211074724620423,0.9416415448495535,0.9676344597810567,0.9253539253539254,0.9681214228886641,0.9076655052264808,0.8094875052943667,0.8340170400757336,0.7944929482874412,0.821484375,0.7793628366984184,0.7138260273249987,0.9227488151658768,0.5333455646270985,0.8063531805023081,0.8851351351351351,0.8033049697866568,0.6849997509091815,0.912528216704289,0.9029516480992305,0.7584928968499074,0.5317247542448614,0.6700261291526689,0.8251786695986806,0.8173014003402695,0.9230140346096198,0.8475894245723172,0.9047519144026015,0.8697326203208556,0.6694796061884669,0.8405121687144,0.7740691133136888,0.8310777645326415,0.7603919420607389,0.831095406360424,0.968012866333095,0.9271991911021233,0.9098567818028643,0.9537701446888601,0.8996763754045307,0.973453343967187,0.9674441338230189,0.9682817182817183,0.9392265193370166,0.8868358346222984,0.8002525451819115,0.9650534255185418,0.9047619047619048,0.9544548818673498,0.9733345721453126,0.94384765625,0.9637664951912324,0.9320951828206616,0.9162418062636563,0.9495778611632271,0.8816855753646677,0.9048215927132949,0.8844399391789154,0.8093488378795084
0025462_norm,0.9569050519111421,0.9034870053545775,0.7719671201814059,0.8621935483870967,0.8798948751642576,0.9052786463123046,0.7738931131080147,0.7048472639065905,0.9010161836657885,0.6022353714661407,0.7354469854469855,0.8805863425098319,0.8660672907591065,0.7267340067340068,0.9315303713243185,0.8803991072600762,0.7478354978354979,0.2862903225806452,0.5396967995508142,0.8397200933022326,0.8260218097061517,0.9135185763346862,0.8758956082711512,0.9192578506450121,0.9051755338400289,0.5346741400153863,0.8260287800183103,0.7885474126608878,0.8484376259437384,0.8822290063206777,0.886685552407932,0.9645973033383806,0.9548270131439794,0.9566082082806002,0.9198634263908415,0.9660144181256437,0.9326612903225806,0.9254214976456888,0.9589573568080485,0.9344216155361666,0.9624692561971618,0.9072271960555339,0.8639437381660806,0.8508192009198046,0.8150319829424307,0.8450773385710778,0.8029731445859635,0.7248266296809986,0.9239254469379993,0.6318510858324715,0.8685658260253827,0.871900197778792,0.8664448241748358,0.7809273988830597,0.9450119539230603,0.8791133844842285,0.7453310696095077,0.6780400714144019,0.7157133011716058,0.8592999313658202,0.8280433397068196,0.8811167356956588,0.8743244797056456,0.8953161700363838,0.9007253437263181,0.6770058708414873,0.8602913139632425,0.7832007073386383,0.8561195504507843,0.8697874080130826,0.8811126065500224,0.965072184152751,0.9332370985203897,0.9205440229062276,0.9202160814460836,0.8891415577032404,0.9898962970861881,0.9656425601310542,0.9882473547395013,0.9118329466357309,0.8650870406189555,0.8165245935671377,0.9582999692023406,0.9189551239115874,0.9593613933236574,0.9606493735662608,0.9227836034318398,0.9639549157460104,0.9282349681352176,0.918222794591114,0.9347946418687036,0.8867052023121387,0.9105083644632126,0.8656957928802589,0.8414685545695832
0025598_norm,0.9705424055798768,0.9246456965088143,0.7295970546123952,0.8105585063576373,0.8168206435170436,0.8214704404622342,0.6779397198245366,0.5455940657373065,0.9147286821705426,0.5356359649122807,0.7109036345448483,0.852411388727484,0.776807774666447,0.6307729703451629,0.8928571428571429,0.8920644572818486,0.8163592622293504,0.5274831243972999,0.6779591836734694,0.7980099502487562,0.7600748416810593,0.9320423821702594,0.8663818795946752,0.9046066619418852,0.5964571705896627,0.39747918073373845,0.7021159775309372,0.7379264875556288,0.8076106345026756,0.7323001631321371,0.8716417910447761,0.9576919353277181,0.9726508785332315,0.9703571802660521,0.9439666406046391,0.9613656783468104,0.8431561996779388,0.915244412958073,0.9554970540303372,0.8849221420432967,0.948457329851523,0.9140145170295924,0.7001142421934501,0.7061203844208397,0.7960618846694796,0.8072935287808366,0.6020985779373188,0.5508654306629267,0.9144919489172681,0.40869565217391307,0.7991360691144709,0.8143973822941284,0.7888391319324837,0.6137175224726019,0.8863146551724138,0.8797804836220202,0.7767400881057269,0.4790011350737798,0.6634275618374559,0.5907087148185826,0.7212807384437874,0.9191031390134529,0.8107082015088829,0.9116772576225733,0.7800429184549357,0.6472762333279769,0.7689922480620155,0.6980176778511972,0.735225955967555,0.7226310529662942,0.8695652173913043,0.9603214465092919,0.8968014484007242,0.9269949066213922,0.9355895196506551,0.8928877463581834,0.97495134660054,0.9466287798382895,0.9735500101992248,0.8699271592091571,0.80741217856612,0.5931930223739097,0.9633125285431573,0.9066666666666666,0.9729336437718277,0.964972456085646,0.9439203354297694,0.9341805538904208,0.8996655518394648,0.9122516556291391,0.9256175017642908,0.8918918918918919,0.8441558441558441,0.8620788943276706,0.7124784940795466
0027434_norm,0.9473888314374354,0.584736653529201,0.5476638217850427,0.7106401384083045,0.23799582463465555,0.7413824219454972,0.7017543859649122,0.38019323671497585,0.8561382947553472,0.4904364884747425,0.5639013452914798,0.8767547253233116,0.3250283125707814,0.649667994687915,0.8252605763335377,0.8421870146008077,0.46409379579872984,0.0,0.05730659025787966,0.7103631532329495,0.6234231010110047,0.8801417043888998,0.801146692770242,0.8932324197222427,0.04845446950710108,0.04081632653061224,0.5732360097323601,0.6267591674925669,0.7695872307560285,0.5988700564971752,0.9075182967398536,0.7468332465729655,0.89120151371807,0.8045356371490281,0.8684137931034482,0.9007004532344458,0.6494464944649446,0.877549108397614,0.7719364599092284,0.7864229765013054,0.9317041262199429,0.7675885492479378,0.5344352617079889,0.7640891218872871,0.13249211356466878,0.7588652482269503,0.6300014549687182,0.284789644012945,0.8315658140985652,0.3673165649650246,0.4657064471879287,0.840737910708438,0.3020730503455084,0.4951241134751773,0.7871794871794872,0.72495657209033,0.46264367816091956,0.0,0.20689655172413793,0.4101599247412982,0.435589519650655,0.8321629213483146,0.5959421201635734,0.873781459063396,0.0,0.25694573932500464,0.6775412087912088,0.6014492753623188,0.5884381338742394,0.5251282051282051,0.6267995570321152,0.7444215263453966,0.8828522920203735,0.1791044776119403,0.9124362073596561,0.8294243070362474,0.9551655013934386,0.9243439277350285,0.9411897760687628,0.7508680555555556,0.7734353943183656,0.5631195159371821,0.9624138379503187,0.8395536744901886,0.8638326137495849,0.8755043227665706,0.8948019801980198,0.74011418904631,0.5831842576028623,0.0,0.899580492920818,0.8093645484949833,0.8526178295417438,0.7537783375314862,0.6863330106103416
0027268_norm,0.9672595777951525,0.9059909275770374,0.7818338153677793,0.8019552191737622,0.7963951935914553,0.8525177172696755,0.7293499249088179,0.6176955486352812,0.9367429340511441,0.5660320791485535,0.7410738871041762,0.8755696300301228,0.7732952516958229,0.7943533002670736,0.9300248138957816,0.902913688840022,0.72973713033954,0.5262754123513618,0.4966203290396633,0.8652639350313769,0.7903011934078424,0.9314268142681427,0.8601925491837589,0.9407471235237468,0.7560250907890392,0.14649231312952818,0.7525507627033033,0.7598586733530887,0.8194314276788504,0.8270963092603079,0.8863443596268024,0.9574520615587194,0.9600108445167412,0.9672105672105672,0.935790273556231,0.955494289090193,0.9364341085271318,0.9513739885737921,0.9540857840288272,0.9112177564487103,0.9635851353786962,0.9040703620372265,0.6973621103117505,0.734260505458352,0.7761921336581971,0.8546799908459837,0.7765275601766131,0.7095688204065778,0.8922244094488189,0.4355140186915888,0.7977265128719492,0.8767167039284574,0.7826310380267215,0.7167191755219736,0.9205518553758325,0.8221239995221599,0.7309538092381523,0.5413854351687389,0.6805771365149833,0.8402536305993046,0.7423861577132168,0.8911487758945386,0.7804852918448303,0.8836961264362244,0.8482457961386756,0.7011690066380779,0.8238021280048217,0.7523248969982342,0.8082162162162162,0.7270157586036322,0.8571428571428571,0.9559255631733594,0.9203539823008849,0.9050203527815468,0.9413465510119785,0.9026798307475318,0.9812332439678284,0.9639069721119353,0.9777453893155446,0.8805555555555555,0.8969615869017632,0.858164023468525,0.9640221402214022,0.8516949152542372,0.9568138195777351,0.9628705148205928,0.9390340459224069,0.9543197616683218,0.9231554761296911,0.8954344624447718,0.9436094017956219,0.8630872483221477,0.9205840863166724,0.8611275964391691,0.8622835533735819
0025930_norm,0.9638040345821326,0.8745585751573776,0.7574770506366597,0.858629210560541,0.8007045797684952,0.8412283798093894,0.6492372256564396,0.6026060322898822,0.9297042434633519,0.6198718420858805,0.8294063446097144,0.9171614771904417,0.8104801712712815,0.785810871720905,0.9071194762684124,0.9049088917654088,0.7954247587275111,0.698972873321043,0.5714285714285714,0.8707998106956933,0.7989692935366115,0.9215284885704538,0.8628399734654856,0.9271275382158339,0.6701926709482433,0.27947757786099187,0.7183094596511134,0.7502458210422812,0.8739809138595716,0.8050741981809478,0.917037037037037,0.9621398523692356,0.964098532494759,0.9742640251805221,0.9378431803206677,0.9674445404782483,0.9186101856258925,0.9425801238890386,0.958148893360161,0.9118046132971506,0.9626611728053867,0.9367857142857143,0.6999306999306999,0.8159879336349924,0.7932628797886394,0.8805651193161581,0.7291287816167962,0.6306787814003206,0.87924621869576,0.5223362831858407,0.8083311009911599,0.911417888984757,0.7724777357569843,0.6763221639079532,0.9204516938519448,0.8375919232207404,0.7489484170909896,0.5288197621225984,0.5180300266591834,0.8098006644518272,0.7492457073893247,0.9171420809562619,0.7977488256669325,0.896078792341679,0.9077372262773723,0.65625,0.7896187628480658,0.7055527254202751,0.7902900957563337,0.7524413842761352,0.867574931880109,0.96462082756499,0.9236577181208053,0.9220055710306406,0.9376222560312976,0.8819068255687974,0.9847393689986282,0.961543312622122,0.9835854522046991,0.8727735368956743,0.8841862254713351,0.8386349578195123,0.9707374631268436,0.8808777429467085,0.9629817444219066,0.9704557737344622,0.945821452072823,0.9666769199220753,0.9288083694820107,0.922850844966936,0.9446129648354118,0.9135212613473483,0.9337205601527689,0.8543930456380007,0.8411352558895208
0025248_norm,0.9636259029597903,0.8621553884711779,0.7388582640381202,0.6946245856751694,0.7520572450805009,0.8663442111063491,0.7257461781121087,0.6235598401128615,0.8983510749321645,0.37231144923452614,0.8004263590193742,0.8605631681975606,0.8231046931407943,0.7833911535125759,0.9211206896551725,0.8948395490026019,0.838363121398574,0.5572789115646258,0.5642340871998135,0.6249134948096886,0.7186281418839559,0.9191155891407781,0.8403807656167014,0.9182493093922652,0.7289557419728088,0.2687725131615406,0.7065903977010871,0.7259242981926056,0.8584722169253651,0.7675991243006568,0.8261376896149358,0.9544690725774185,0.9568148980574731,0.9706628033321261,0.9349878608038845,0.9448934606906686,0.9272165857962065,0.933901655547319,0.9591836734693877,0.8919188560026604,0.9551154063198277,0.9124779187409667,0.668465290028017,0.6729004940014114,0.7303754266211604,0.8248395126424735,0.7388699861024585,0.6768399899522733,0.8798977853492334,0.2478111914731633,0.8563980013034977,0.8163711236238339,0.8558934605446233,0.7095309232148193,0.8980769230769231,0.9164297896532121,0.7525488784934629,0.6702783485895759,0.5432218452092422,0.6373563218390804,0.696651027341854,0.8844292627384003,0.7396620414892155,0.9126021505376344,0.9181199136356087,0.6792506792506793,0.8260199402961778,0.7767045454545455,0.8153803770317604,0.7157095396298054,0.8661601402688486,0.9581922683253287,0.8660524450744153,0.9067055393586005,0.9380132450331126,0.8126984126984127,0.9527439024390244,0.9575753409808935,0.943881741034766,0.932527693856999,0.8992314720266567,0.8372812649884733,0.9597395694924262,0.8968903436988543,0.9535436816235928,0.9647730313029519,0.9188630490956072,0.9588631264023935,0.9030898876404494,0.9042857142857142,0.929276754737123,0.8030075187969925,0.8920307175914154,0.8846153846153846,0.8184780471361555
0025011_norm,0.9624323929250109,0.8289412852519649,0.6318573667711599,0.7581952767007403,0.5441465009810333,0.7642669469259065,0.6363121816237972,0.4049436568520538,0.8753993610223643,0.43430859939926575,0.5970582543061738,0.7954890479288658,0.5453106450336367,0.6851704996034893,0.8004039044092898,0.8928475033738191,0.7436295147352094,0.27147766323024053,0.5112420868805938,0.7355008787346221,0.733620494218998,0.9087883829980336,0.8360153629247897,0.9134393729829414,0.34237074401008827,0.4142334212990551,0.4501083658430863,0.7195502810743285,0.7166218899661254,0.7449659909758233,0.7619047619047619,0.8943890424125917,0.9705159705159705,0.9555435370470524,0.9328723710746183,0.9322469982847341,0.8155825589706933,0.8365154208858313,0.9198270126413839,0.8009563658099222,0.9483201687504694,0.7179067865903516,0.6068111455108359,0.6289099526066351,0.3718674211802749,0.37215777262180977,0.6258524251015248,0.24751006569188388,0.8490566037735849,0.3045960605195547,0.7430822960508642,0.6264063106168369,0.5652542372881356,0.32653061224489793,0.4970364098221846,0.9054773453211877,0.5459548706659328,0.44214876033057854,0.5591894774262354,0.6173108328796951,0.6549956628026181,0.8919871794871795,0.7144289833270653,0.8899783259366292,0.7458033573141487,0.5742478358254132,0.6105293052646527,0.7044448379670621,0.6096318211702827,0.6294426294426294,0.5854657113613101,0.8611073689882797,0.8814531548757171,0.8465116279069768,0.8734134936539746,0.8534201954397395,0.9700252262947024,0.9443592537293356,0.9532871972318339,0.484375,0.692648657690056,0.5800374814418185,0.9648369851667796,0.9057851239669421,0.9706601466992665,0.9445962189924598,0.9148591777274199,0.7165999618829807,0.6120218579234973,0.8581818181818182,0.8675395340928413,0.8502879078694817,0.8007597340930674,0.816245666171372,0.7228843750582881
0025507_norm,0.9623616236162361,0.8889275160785677,0.8154240869302747,0.7049599454576444,0.7896649172385951,0.725406661502711,0.6347549331635901,0.44220665499124345,0.8729430806582142,0.46757365829229613,0.7710484859093296,0.7619565217391304,0.7909449494083347,0.7604137229412762,0.8812050667579596,0.8558914947725346,0.6160392798690671,0.5467625899280576,0.635060975609756,0.7873090481786134,0.7933629629629629,0.8917517674783975,0.8537527844706096,0.85843222463647,0.5251475796930343,0.22412191042557145,0.7583894780954837,0.73990979530473,0.8167080818838007,0.6953991880920163,0.874409820585458,0.9631767690020118,0.9610976594027442,0.9631007144954488,0.9099395936298736,0.9430985915492958,0.8905579399141631,0.9354838709677419,0.9444295302013422,0.8903654485049833,0.9537063516212501,0.8957464553794829,0.7181919079810312,0.5953067105804858,0.8017492711370262,0.8138049236522281,0.6890580510198152,0.6176991150442478,0.8730034040324692,0.3372425629290618,0.7998442973919813,0.8408849181025314,0.7941750487914727,0.6251020646214861,0.8972023422251139,0.8600217020616958,0.6887249736564806,0.46396396396396394,0.5762670266290343,0.7426470588235294,0.7736507540820142,0.8721804511278195,0.8365218204780392,0.8818469393418059,0.8262773722627738,0.6542224898389282,0.8014641982461223,0.6564311259094833,0.8186043309119703,0.7574652074044048,0.8842105263157894,0.9620680465488141,0.8880643166357453,0.9206030150753769,0.931638795986622,0.8648648648648649,0.9765959384391221,0.9537894891326475,0.9660497936360005,0.9041372351160444,0.8564396312539156,0.8082356265009182,0.9507650937960177,0.8634538152610441,0.9555457096440703,0.9632433509313677,0.908246225319396,0.9585736759307814,0.9000724112961622,0.875,0.9176501790213499,0.8821034775233249,0.9032525035173384,0.8572283747381023,0.8340230343520966
0026055_norm,0.9676901924839597,0.8344370860927153,0.6809243576862352,0.7232281427832384,0.8423586040914561,0.8631826189078098,0.6411160749275021,0.7503527624009552,0.8812056737588653,0.5556960025280455,0.8672765657987332,0.8946470742587247,0.8327392739273928,0.776114001357159,0.9266770670826833,0.8866563626996393,0.7799732083054253,0.6691399662731872,0.6773021639551414,0.8092920353982301,0.7408557160210555,0.9121319738801695,0.8057255122088128,0.8988975132248974,0.6741104659818371,0.4556341348420556,0.6719667893788674,0.6857039580697633,0.8770869314910765,0.7607532485581266,0.920373831775701,0.9556606562222879,0.9462694877505567,0.9760839376639407,0.9483322432962721,0.9427385892116182,0.9205702647657841,0.9497055591558423,0.9493566284972258,0.926200451176281,0.9572490879309061,0.8702875399361022,0.69843544727099,0.7798826487845767,0.8300550747442959,0.8644997889404812,0.6325959827103992,0.4879551820728291,0.8147418210484825,0.4188835921882208,0.8137831238129691,0.8549607816155222,0.7891688386909933,0.6984667802385008,0.9136749794464237,0.8546276469188675,0.7573886772625772,0.35294117647058826,0.6132110091743119,0.6643167028199566,0.6714095153401511,0.877087325485902,0.704892785215022,0.8805247402711746,0.729144327686039,0.6659592939133789,0.761029651352232,0.7147592463363573,0.7328085805726148,0.7470112125937477,0.9009433962264151,0.9449331066597679,0.8956386292834891,0.9101620029455081,0.9431127012522361,0.8798586572438163,0.9587301587301588,0.9538323642839452,0.9596122778675282,0.9152,0.9061449831973115,0.7969736933435135,0.9617256504236015,0.8588351431391905,0.9437068507700478,0.9681711650412036,0.9479973445452534,0.9593419506462985,0.9143561306223044,0.904047976011994,0.9415339735018841,0.8796992481203008,0.9458099960757732,0.810515247108307,0.8848865282472236
